"","treatment","session.code","groupID","round","contribution","endowment","share","stock","gain","bot_active","gini","rich","noComprehension"
"1","replication","mwpj5cxm","mwpj5cxm_10",1,50,80,0.625,106,26,0,0.0377358490566039,FALSE,0
"2","replication","mwpj5cxm","mwpj5cxm_10",2,52,106,0.490740740740741,134,28,0,0.0248756218905474,FALSE,0
"3","replication","mwpj5cxm","mwpj5cxm_10",3,61,134,0.45537823083779,165,31,0,0.0424242424242423,FALSE,0
"4","replication","mwpj5cxm","mwpj5cxm_10",4,79,165,0.476678118393235,206,41,0,0.058252427184466,FALSE,0
"5","replication","mwpj5cxm","mwpj5cxm_10",5,98,206,0.470939541824635,256,50,0,0.0130208333333333,FALSE,0
"6","replication","mwpj5cxm","mwpj5cxm_10",6,109,256,0.426288555194805,311,55,0,0.035369774919614,FALSE,0
"7","replication","mwpj5cxm","mwpj5cxm_10",7,140,311,0.450632937154022,383,72,0,0.0443864229765012,FALSE,0
"8","replication","mwpj5cxm","mwpj5cxm_10",8,148,383,0.384447961678893,459,76,0,0.0210602759622368,FALSE,0
"9","replication","mwpj5cxm","mwpj5cxm_10",9,177,459,0.386346238644211,550,91,0,0.0412121212121213,FALSE,0
"10","replication","mwpj5cxm","mwpj5cxm_10",10,188,550,0.340435470243611,646,96,0,0.0257997936016512,FALSE,0
"11","replication","mwpj5cxm","mwpj5cxm_11",1,60,80,0.75,112,32,0,0.0535714285714285,TRUE,1
"12","replication","mwpj5cxm","mwpj5cxm_11",2,70,112,0.634124423963134,150,38,0,0.0933333333333334,TRUE,1
"13","replication","mwpj5cxm","mwpj5cxm_11",3,82,150,0.552214452214452,192,42,0,0.104166666666667,TRUE,1
"14","replication","mwpj5cxm","mwpj5cxm_11",4,109,192,0.577510524815477,247,55,0,0.0850202429149798,TRUE,1
"15","replication","mwpj5cxm","mwpj5cxm_11",5,125,247,0.509281415959234,310,63,0,0.0881720430107527,TRUE,1
"16","replication","mwpj5cxm","mwpj5cxm_11",6,136,310,0.43548358323129,378,68,0,0.052910052910053,TRUE,1
"17","replication","mwpj5cxm","mwpj5cxm_11",7,209,378,0.551925747900222,485,107,0,0.0130584192439862,TRUE,1
"18","replication","mwpj5cxm","mwpj5cxm_11",8,175,485,0.361062649026553,574,89,0,0.0441347270615564,TRUE,1
"19","replication","mwpj5cxm","mwpj5cxm_11",9,188,574,0.330804933167138,670,96,0,0.0716417910447763,TRUE,1
"20","replication","mwpj5cxm","mwpj5cxm_11",10,223,670,0.334519013477019,783,113,0,0.0549169859514687,TRUE,1
"21","replication","mwpj5cxm","mwpj5cxm_12",1,49,80,0.6125,107,27,0,0.02803738317757,FALSE,1
"22","replication","mwpj5cxm","mwpj5cxm_12",2,65,107,0.605701058201058,142,35,0,0.07981220657277,FALSE,1
"23","replication","mwpj5cxm","mwpj5cxm_12",3,75,142,0.521139629859388,183,41,0,0.045537340619308,FALSE,1
"24","replication","mwpj5cxm","mwpj5cxm_12",4,89,183,0.488414115646259,230,47,0,0.0463768115942029,FALSE,1
"25","replication","mwpj5cxm","mwpj5cxm_12",5,127,230,0.550830506242835,295,65,0,0.0553672316384182,FALSE,1
"26","replication","mwpj5cxm","mwpj5cxm_12",6,160,295,0.551167786948013,375,80,0,0.0720000000000001,FALSE,1
"27","replication","mwpj5cxm","mwpj5cxm_12",7,149,375,0.405021173623714,450,75,0,0.0992592592592594,FALSE,1
"28","replication","mwpj5cxm","mwpj5cxm_12",8,184,450,0.403565937024343,542,92,0,0.040590405904059,FALSE,1
"29","replication","mwpj5cxm","mwpj5cxm_12",9,182,542,0.335427804325442,636,94,0,0.039832285115304,FALSE,1
"30","replication","mwpj5cxm","mwpj5cxm_12",10,176,636,0.276812868637914,724,88,0,0.0552486187845303,FALSE,1
"31","replication","mwpj5cxm","mwpj5cxm_13",1,55,80,0.6875,109,29,0,0.0581039755351682,FALSE,1
"32","replication","mwpj5cxm","mwpj5cxm_13",2,64,109,0.591203703703704,141,32,0,0.0874704491725768,FALSE,1
"33","replication","mwpj5cxm","mwpj5cxm_13",3,76,141,0.541733612682823,181,40,0,0.0423572744014734,FALSE,1
"34","replication","mwpj5cxm","mwpj5cxm_13",4,112,181,0.613760234676815,237,56,0,0.0436005625879045,FALSE,1
"35","replication","mwpj5cxm","mwpj5cxm_13",5,111,237,0.471085164835165,294,57,0,0.0589569160997732,FALSE,1
"36","replication","mwpj5cxm","mwpj5cxm_13",6,131,294,0.44178339906188,363,69,0,0.0578512396694215,FALSE,1
"37","replication","mwpj5cxm","mwpj5cxm_13",7,166,363,0.458717674676874,449,86,0,0.0720118782479583,FALSE,1
"38","replication","mwpj5cxm","mwpj5cxm_13",8,154,449,0.342002818251374,527,78,0,0.0524984187223276,FALSE,1
"39","replication","mwpj5cxm","mwpj5cxm_13",9,186,527,0.35051411437412,621,94,0,0.0370370370370369,FALSE,1
"40","replication","mwpj5cxm","mwpj5cxm_13",10,154,621,0.248226956982214,699,78,0,0.0357653791130185,FALSE,1
"41","replication","mwpj5cxm","mwpj5cxm_14",1,54,80,0.675,110,30,0,0.0727272727272726,TRUE,1
"42","replication","mwpj5cxm","mwpj5cxm_14",2,73,110,0.661607626707738,149,39,0,0.0425055928411634,TRUE,1
"43","replication","mwpj5cxm","mwpj5cxm_14",3,98,149,0.656933981019347,199,50,0,0.0552763819095476,TRUE,1
"44","replication","mwpj5cxm","mwpj5cxm_14",4,95,199,0.474414232853178,248,49,0,0.021505376344086,TRUE,1
"45","replication","mwpj5cxm","mwpj5cxm_14",5,132,248,0.532676701478386,316,68,0,0.050632911392405,TRUE,1
"46","replication","mwpj5cxm","mwpj5cxm_14",6,177,316,0.558975197839944,407,91,0,0.0204750204750204,TRUE,1
"47","replication","mwpj5cxm","mwpj5cxm_14",7,150,407,0.367957664301718,485,78,0,0.0213058419243985,TRUE,1
"48","replication","mwpj5cxm","mwpj5cxm_14",8,183,485,0.375871459626828,578,93,0,0.0196078431372548,TRUE,1
"49","replication","mwpj5cxm","mwpj5cxm_14",9,202,578,0.349830793028438,680,102,0,0.030392156862745,TRUE,1
"50","replication","mwpj5cxm","mwpj5cxm_14",10,185,680,0.273089204015812,775,95,0,0.0391397849462365,TRUE,1
"51","replication","mwpj5cxm","mwpj5cxm_15",1,49,80,0.6125,107,27,0,0.0591900311526479,FALSE,1
"52","replication","mwpj5cxm","mwpj5cxm_15",2,72,107,0.662415320117719,143,36,0,0.0442890442890442,FALSE,1
"53","replication","mwpj5cxm","mwpj5cxm_15",3,85,143,0.601418067226891,186,43,0,0.064516129032258,FALSE,1
"54","replication","mwpj5cxm","mwpj5cxm_15",4,87,186,0.47262156448203,231,45,0,0.0735930735930737,FALSE,1
"55","replication","mwpj5cxm","mwpj5cxm_15",5,125,231,0.537851554763319,294,63,0,0.074829931972789,FALSE,1
"56","replication","mwpj5cxm","mwpj5cxm_15",6,123,294,0.415711152882206,359,65,0,0.0194986072423398,FALSE,1
"57","replication","mwpj5cxm","mwpj5cxm_15",7,169,359,0.46951227052025,446,87,0,0.0433482810164423,FALSE,1
"58","replication","mwpj5cxm","mwpj5cxm_15",8,183,446,0.409676010090334,539,93,0,0.0315398886827459,FALSE,1
"59","replication","mwpj5cxm","mwpj5cxm_15",9,191,539,0.356857556280386,636,97,0,0.0545073375262056,FALSE,1
"60","replication","mwpj5cxm","mwpj5cxm_15",10,237,636,0.371553453909872,755,119,0,0.0260485651214128,FALSE,1
"61","replication","mwpj5cxm","mwpj5cxm_16",1,50,80,0.625,106,26,0,0.0880503144654089,FALSE,1
"62","replication","mwpj5cxm","mwpj5cxm_16",2,58,106,0.562204806687565,136,30,0,0.0980392156862745,FALSE,1
"63","replication","mwpj5cxm","mwpj5cxm_16",3,84,136,0.619381619381619,180,44,0,0.0740740740740741,FALSE,1
"64","replication","mwpj5cxm","mwpj5cxm_16",4,92,180,0.505194701486578,228,48,0,0.0497076023391812,FALSE,1
"65","replication","mwpj5cxm","mwpj5cxm_16",5,120,228,0.528478169223252,288,60,0,0.0324074074074074,FALSE,1
"66","replication","mwpj5cxm","mwpj5cxm_16",6,137,288,0.479897400513839,359,71,0,0.0714948932219128,FALSE,1
"67","replication","mwpj5cxm","mwpj5cxm_16",7,138,359,0.385051500001259,429,70,0,0.0660450660450659,FALSE,1
"68","replication","mwpj5cxm","mwpj5cxm_16",8,155,429,0.365722620470804,510,81,0,0.0705882352941177,FALSE,1
"69","replication","mwpj5cxm","mwpj5cxm_16",9,166,510,0.327085444106721,596,86,0,0.0648769574944073,FALSE,1
"70","replication","mwpj5cxm","mwpj5cxm_16",10,166,596,0.277884027448864,682,86,0,0.0576735092864125,FALSE,1
"71","replication","mwpj5cxm","mwpj5cxm_17",1,55,80,0.6875,109,29,0,0.0581039755351682,FALSE,0
"72","replication","mwpj5cxm","mwpj5cxm_17",2,66,109,0.614451058201058,143,34,0,0.0862470862470861,FALSE,0
"73","replication","mwpj5cxm","mwpj5cxm_17",3,76,143,0.527759855720382,183,40,0,0.0892531876138432,FALSE,0
"74","replication","mwpj5cxm","mwpj5cxm_17",4,107,183,0.586913601199315,240,57,0,0.0583333333333333,FALSE,0
"75","replication","mwpj5cxm","mwpj5cxm_17",5,120,240,0.488169006919007,300,60,0,0.0644444444444444,FALSE,0
"76","replication","mwpj5cxm","mwpj5cxm_17",6,173,300,0.577306423321083,387,87,0,0.0301464254952627,FALSE,0
"77","replication","mwpj5cxm","mwpj5cxm_17",7,170,387,0.440203725721058,473,86,0,0.0429880197322057,FALSE,0
"78","replication","mwpj5cxm","mwpj5cxm_17",8,176,473,0.367943900887922,561,88,0,0.0445632798573975,FALSE,0
"79","replication","mwpj5cxm","mwpj5cxm_17",9,206,561,0.363806163654468,667,106,0,0.0204897551224388,FALSE,0
"80","replication","mwpj5cxm","mwpj5cxm_17",10,180,667,0.270364434914539,759,92,0,0.0241545893719808,FALSE,0
"81","replication","mwpj5cxm","mwpj5cxm_18",1,46,80,0.575,106,26,0,0.050314465408805,TRUE,1
"82","replication","mwpj5cxm","mwpj5cxm_18",2,78,106,0.732487922705314,148,42,0,0.0180180180180181,TRUE,1
"83","replication","mwpj5cxm","mwpj5cxm_18",3,96,148,0.650584795321637,196,48,0,0.0544217687074831,TRUE,1
"84","replication","mwpj5cxm","mwpj5cxm_18",4,95,196,0.486699605696566,245,49,0,0.0857142857142857,TRUE,1
"85","replication","mwpj5cxm","mwpj5cxm_18",5,133,245,0.533253837514477,312,67,0,0.017094017094017,TRUE,1
"86","replication","mwpj5cxm","mwpj5cxm_18",6,150,312,0.483108996266891,390,78,0,0.064957264957265,TRUE,1
"87","replication","mwpj5cxm","mwpj5cxm_18",7,175,390,0.445091913150817,479,89,0,0.0382741823242867,TRUE,1
"88","replication","mwpj5cxm","mwpj5cxm_18",8,198,479,0.413232589732325,581,102,0,0.048766494549627,TRUE,1
"89","replication","mwpj5cxm","mwpj5cxm_18",9,240,581,0.413657407407407,701,120,0,0.0318592486923442,TRUE,1
"90","replication","mwpj5cxm","mwpj5cxm_18",10,197,701,0.281060104573583,800,99,0,0.0241666666666666,TRUE,1
"91","replication","mwpj5cxm","mwpj5cxm_19",1,51,80,0.6375,109,29,0,0.0336391437308867,FALSE,0
"92","replication","mwpj5cxm","mwpj5cxm_19",2,69,109,0.638925729442971,144,35,0,0.0787037037037036,FALSE,0
"93","replication","mwpj5cxm","mwpj5cxm_19",3,93,144,0.643218475073314,191,47,0,0.050610820244328,FALSE,0
"94","replication","mwpj5cxm","mwpj5cxm_19",4,117,191,0.611930846930847,250,59,0,0.032,FALSE,0
"95","replication","mwpj5cxm","mwpj5cxm_19",5,114,250,0.45650382550498,308,58,0,0.0303030303030303,FALSE,0
"96","replication","mwpj5cxm","mwpj5cxm_19",6,109,308,0.354201641378299,363,55,0,0.032139577594123,FALSE,0
"97","replication","mwpj5cxm","mwpj5cxm_19",7,181,363,0.500162682716134,454,91,0,0.0469897209985316,FALSE,0
"98","replication","mwpj5cxm","mwpj5cxm_19",8,177,454,0.385451640116609,545,91,0,0.0275229357798166,FALSE,0
"99","replication","mwpj5cxm","mwpj5cxm_19",9,208,545,0.379856248653031,649,104,0,0.0159219311761684,FALSE,0
"100","replication","mwpj5cxm","mwpj5cxm_19",10,210,649,0.322549146651125,755,106,0,0.0225165562913909,FALSE,0
"101","replication","mwpj5cxm","mwpj5cxm_2",1,45,80,0.5625,103,23,0,0.0614886731391587,FALSE,0
"102","replication","mwpj5cxm","mwpj5cxm_2",2,69,103,0.679285991785992,138,35,0,0.0821256038647344,FALSE,0
"103","replication","mwpj5cxm","mwpj5cxm_2",3,78,138,0.553151800095773,180,42,0,0.0444444444444446,FALSE,0
"104","replication","mwpj5cxm","mwpj5cxm_2",4,100,180,0.562047101449275,232,52,0,0.0632183908045976,FALSE,0
"105","replication","mwpj5cxm","mwpj5cxm_2",5,118,232,0.513978494623656,294,62,0,0.074829931972789,FALSE,0
"106","replication","mwpj5cxm","mwpj5cxm_2",6,143,294,0.481683417455775,367,73,0,0.0299727520435968,FALSE,0
"107","replication","mwpj5cxm","mwpj5cxm_2",7,138,367,0.376439838200724,437,70,0,0.0480549199084669,FALSE,0
"108","replication","mwpj5cxm","mwpj5cxm_2",8,183,437,0.415975938810097,530,93,0,0.0264150943396227,FALSE,0
"109","replication","mwpj5cxm","mwpj5cxm_2",9,146,530,0.274880471380471,604,74,0,0.0209713024282561,FALSE,0
"110","replication","mwpj5cxm","mwpj5cxm_2",10,190,604,0.313326829732559,702,98,0,0.0218423551756886,FALSE,0
"111","replication","mwpj5cxm","mwpj5cxm_20",1,51,80,0.6375,109,29,0,0.0886850152905199,TRUE,1
"112","replication","mwpj5cxm","mwpj5cxm_20",2,71,109,0.658555399719495,146,37,0,0.0913242009132421,TRUE,1
"113","replication","mwpj5cxm","mwpj5cxm_20",3,91,146,0.61969569000819,195,49,0,0.0461538461538463,TRUE,1
"114","replication","mwpj5cxm","mwpj5cxm_20",4,119,195,0.608732813080639,256,61,0,0.0442708333333333,TRUE,1
"115","replication","mwpj5cxm","mwpj5cxm_20",5,141,256,0.549083136497262,327,71,0,0.0417940876656472,TRUE,1
"116","replication","mwpj5cxm","mwpj5cxm_20",6,152,327,0.468767748478702,403,76,0,0.0603804797353185,TRUE,1
"117","replication","mwpj5cxm","mwpj5cxm_20",7,181,403,0.450025661704826,494,91,0,0.0674763832658571,TRUE,1
"118","replication","mwpj5cxm","mwpj5cxm_20",8,184,494,0.380271995026093,586,92,0,0.0944254835039819,TRUE,1
"119","replication","mwpj5cxm","mwpj5cxm_20",9,191,586,0.334514533598585,683,97,0,0.0971205466081016,TRUE,1
"120","replication","mwpj5cxm","mwpj5cxm_20",10,195,683,0.286986120529388,784,101,0,0.0739795918367347,TRUE,1
"121","replication","mwpj5cxm","mwpj5cxm_21",1,60,80,0.75,112,32,0,0.0535714285714285,FALSE,1
"122","replication","mwpj5cxm","mwpj5cxm_21",2,59,112,0.521926071703602,145,33,0,0.0160919540229886,FALSE,1
"123","replication","mwpj5cxm","mwpj5cxm_21",3,100,145,0.689248176748177,197,52,0,0.0321489001692046,FALSE,1
"124","replication","mwpj5cxm","mwpj5cxm_21",4,120,197,0.610657804927991,257,60,0,0.0843060959792477,FALSE,1
"125","replication","mwpj5cxm","mwpj5cxm_21",5,135,257,0.515728977616455,326,69,0,0.0388548057259713,FALSE,1
"126","replication","mwpj5cxm","mwpj5cxm_21",6,133,326,0.408774016290788,393,67,0,0.0432569974554706,FALSE,1
"127","replication","mwpj5cxm","mwpj5cxm_21",7,154,393,0.394583128088602,471,78,0,0.0573248407643311,FALSE,1
"128","replication","mwpj5cxm","mwpj5cxm_21",8,173,471,0.370581782270795,558,87,0,0.0585424133811232,FALSE,1
"129","replication","mwpj5cxm","mwpj5cxm_21",9,227,558,0.410287091428365,675,117,0,0.0508641975308641,FALSE,1
"130","replication","mwpj5cxm","mwpj5cxm_21",10,197,675,0.288718302875761,774,99,0,0.0223944875107665,FALSE,1
"131","replication","mwpj5cxm","mwpj5cxm_22",1,60,80,0.75,112,32,0,0.0654761904761904,TRUE,0
"132","replication","mwpj5cxm","mwpj5cxm_22",2,82,112,0.731772856772857,154,42,0,0.0476190476190477,TRUE,0
"133","replication","mwpj5cxm","mwpj5cxm_22",3,84,154,0.541589550800077,198,44,0,0.0269360269360268,TRUE,0
"134","replication","mwpj5cxm","mwpj5cxm_22",4,103,198,0.520796452787334,251,53,0,0.0332005312084993,TRUE,0
"135","replication","mwpj5cxm","mwpj5cxm_22",5,143,251,0.568557340647858,324,73,0,0.0596707818930042,TRUE,0
"136","replication","mwpj5cxm","mwpj5cxm_22",6,150,324,0.469848966613672,402,78,0,0.0895522388059703,TRUE,0
"137","replication","mwpj5cxm","mwpj5cxm_22",7,182,402,0.458777878349461,496,94,0,0.0739247311827957,TRUE,0
"138","replication","mwpj5cxm","mwpj5cxm_22",8,210,496,0.418599266504513,602,106,0,0.0199335548172757,TRUE,0
"139","replication","mwpj5cxm","mwpj5cxm_22",9,202,602,0.337390496521189,704,102,0,0.0587121212121211,TRUE,0
"140","replication","mwpj5cxm","mwpj5cxm_22",10,196,704,0.274555332037327,804,100,0,0.011608623548922,TRUE,0
"141","replication","mwpj5cxm","mwpj5cxm_23",1,54,80,0.675,110,30,0,0.0727272727272726,TRUE,0
"142","replication","mwpj5cxm","mwpj5cxm_23",2,77,110,0.713936959869941,149,39,0,0.0917225950782997,TRUE,0
"143","replication","mwpj5cxm","mwpj5cxm_23",3,91,149,0.604886965228003,198,49,0,0.0269360269360268,TRUE,0
"144","replication","mwpj5cxm","mwpj5cxm_23",4,131,198,0.661557834263001,267,69,0,0.0337078651685392,TRUE,0
"145","replication","mwpj5cxm","mwpj5cxm_23",5,127,267,0.476803701207628,332,65,0,0.0763052208835342,TRUE,0
"146","replication","mwpj5cxm","mwpj5cxm_23",6,162,332,0.484817345910696,414,82,0,0.032206119162641,TRUE,0
"147","replication","mwpj5cxm","mwpj5cxm_23",7,177,414,0.424363961863962,505,91,0,0.0283828382838284,TRUE,0
"148","replication","mwpj5cxm","mwpj5cxm_23",8,188,505,0.370464659060578,601,96,0,0.0138657792567942,TRUE,0
"149","replication","mwpj5cxm","mwpj5cxm_23",9,193,601,0.321983756574555,700,99,0,0.0371428571428571,TRUE,0
"150","replication","mwpj5cxm","mwpj5cxm_23",10,209,700,0.302133148856044,807,107,0,0.0689797604295747,TRUE,0
"151","replication","mwpj5cxm","mwpj5cxm_24",1,59,80,0.7375,113,33,0,0.0206489675516224,FALSE,0
"152","replication","mwpj5cxm","mwpj5cxm_24",2,71,113,0.628204251049079,150,37,0,0.0888888888888889,FALSE,0
"153","replication","mwpj5cxm","mwpj5cxm_24",3,66,150,0.439362519201229,184,34,0,0.0398550724637682,FALSE,0
"154","replication","mwpj5cxm","mwpj5cxm_24",4,110,184,0.599633167220377,242,58,0,0.0798898071625344,FALSE,0
"155","replication","mwpj5cxm","mwpj5cxm_24",5,110,242,0.457165318957772,300,58,0,0.0511111111111111,FALSE,0
"156","replication","mwpj5cxm","mwpj5cxm_24",6,136,300,0.4542579652634,368,68,0,0.0543478260869564,FALSE,0
"157","replication","mwpj5cxm","mwpj5cxm_24",7,192,368,0.519929052071664,464,96,0,0.0172413793103449,FALSE,0
"158","replication","mwpj5cxm","mwpj5cxm_24",8,206,464,0.444837335140665,570,106,0,0.0292397660818713,FALSE,0
"159","replication","mwpj5cxm","mwpj5cxm_24",9,197,570,0.346833260268401,669,99,0,0.048330842052815,FALSE,0
"160","replication","mwpj5cxm","mwpj5cxm_24",10,195,669,0.29224599256544,770,101,0,0.0415584415584416,FALSE,0
"161","replication","mwpj5cxm","mwpj5cxm_25",1,66,80,0.825,114,34,0,0.0409356725146199,TRUE,0
"162","replication","mwpj5cxm","mwpj5cxm_25",2,72,114,0.634861780579244,150,36,0,0.0622222222222222,TRUE,0
"163","replication","mwpj5cxm","mwpj5cxm_25",3,94,150,0.629240674681544,200,50,0,0.0633333333333335,TRUE,0
"164","replication","mwpj5cxm","mwpj5cxm_25",4,107,200,0.541465643274854,257,57,0,0.079118028534371,TRUE,0
"165","replication","mwpj5cxm","mwpj5cxm_25",5,135,257,0.527979418657539,326,69,0,0.0449897750511248,TRUE,0
"166","replication","mwpj5cxm","mwpj5cxm_25",6,129,326,0.395131126613325,393,67,0,0.0432569974554706,TRUE,0
"167","replication","mwpj5cxm","mwpj5cxm_25",7,197,393,0.499559246414171,492,99,0,0.035230352303523,TRUE,0
"168","replication","mwpj5cxm","mwpj5cxm_25",8,202,492,0.411825393915236,594,102,0,0.0404040404040404,TRUE,0
"169","replication","mwpj5cxm","mwpj5cxm_25",9,191,594,0.320235245889914,691,97,0,0.0381090207428848,TRUE,0
"170","replication","mwpj5cxm","mwpj5cxm_25",10,195,691,0.284349291688001,792,101,0,0.0530303030303031,TRUE,0
"171","replication","mwpj5cxm","mwpj5cxm_26",1,51,80,0.6375,109,29,0,0.0948012232415903,TRUE,0
"172","replication","mwpj5cxm","mwpj5cxm_26",2,71,109,0.65554873772791,146,37,0,0.0547945205479451,TRUE,0
"173","replication","mwpj5cxm","mwpj5cxm_26",3,88,146,0.599193151022419,190,44,0,0.0280701754385966,TRUE,0
"174","replication","mwpj5cxm","mwpj5cxm_26",4,110,190,0.580797872340426,248,58,0,0.0672043010752687,TRUE,0
"175","replication","mwpj5cxm","mwpj5cxm_26",5,113,248,0.456956370890797,307,59,0,0.044516829533116,TRUE,0
"176","replication","mwpj5cxm","mwpj5cxm_26",6,153,307,0.502317246512516,386,79,0,0.0604490500863557,TRUE,0
"177","replication","mwpj5cxm","mwpj5cxm_26",7,155,386,0.3970278353323,467,81,0,0.0392576730906494,TRUE,0
"178","replication","mwpj5cxm","mwpj5cxm_26",8,188,467,0.398337836406018,563,96,0,0.024274718768502,TRUE,0
"179","replication","mwpj5cxm","mwpj5cxm_26",9,233,563,0.413118634744727,682,119,0,0.010752688172043,TRUE,0
"180","replication","mwpj5cxm","mwpj5cxm_26",10,188,682,0.275777497389488,778,96,0,0.0334190231362467,TRUE,0
"181","replication","mwpj5cxm","mwpj5cxm_27",1,64,80,0.8,112,32,0,0.0297619047619048,TRUE,0
"182","replication","mwpj5cxm","mwpj5cxm_27",2,57,112,0.508620689655172,143,31,0,0.0163170163170164,TRUE,0
"183","replication","mwpj5cxm","mwpj5cxm_27",3,82,143,0.576174388674389,185,42,0,0.0774774774774774,TRUE,0
"184","replication","mwpj5cxm","mwpj5cxm_27",4,119,185,0.631161939447449,246,61,0,0.0460704607046072,TRUE,0
"185","replication","mwpj5cxm","mwpj5cxm_27",5,122,246,0.499380923944807,308,62,0,0.0757575757575758,TRUE,0
"186","replication","mwpj5cxm","mwpj5cxm_27",6,156,308,0.511824123588829,388,80,0,0.0756013745704468,TRUE,0
"187","replication","mwpj5cxm","mwpj5cxm_27",7,182,388,0.464129210037774,482,94,0,0.0387275242047025,TRUE,0
"188","replication","mwpj5cxm","mwpj5cxm_27",8,194,482,0.403294341698582,580,98,0,0.0379310344827587,TRUE,0
"189","replication","mwpj5cxm","mwpj5cxm_27",9,189,580,0.32446953026939,675,95,0,0.0350617283950617,TRUE,0
"190","replication","mwpj5cxm","mwpj5cxm_27",10,206,675,0.305764314922088,781,106,0,0.0465215535638072,TRUE,0
"191","replication","mwpj5cxm","mwpj5cxm_28",1,57,80,0.7125,111,31,0,0.0630630630630632,TRUE,0
"192","replication","mwpj5cxm","mwpj5cxm_28",2,64,111,0.574596774193548,143,32,0,0.0536130536130536,TRUE,0
"193","replication","mwpj5cxm","mwpj5cxm_28",3,75,143,0.519288813431428,184,41,0,0.0289855072463769,TRUE,0
"194","replication","mwpj5cxm","mwpj5cxm_28",4,101,184,0.553621866237836,235,51,0,0.0808510638297871,TRUE,0
"195","replication","mwpj5cxm","mwpj5cxm_28",5,126,235,0.537105516590511,301,66,0,0.0564784053156145,TRUE,0
"196","replication","mwpj5cxm","mwpj5cxm_28",6,165,301,0.547098176295773,384,83,0,0.0381944444444443,TRUE,0
"197","replication","mwpj5cxm","mwpj5cxm_28",7,170,384,0.447743117922485,470,86,0,0.0794326241134753,TRUE,0
"198","replication","mwpj5cxm","mwpj5cxm_28",8,225,470,0.47715944937402,585,115,0,0.0267806267806267,TRUE,0
"199","replication","mwpj5cxm","mwpj5cxm_28",9,226,585,0.387335036017648,699,114,0,0.0376728659990464,TRUE,0
"200","replication","mwpj5cxm","mwpj5cxm_28",10,224,699,0.322145052335814,811,112,0,0.0415125359638306,TRUE,0
"201","replication","mwpj5cxm","mwpj5cxm_29",1,61,80,0.7625,111,31,0,0.0270270270270269,FALSE,0
"202","replication","mwpj5cxm","mwpj5cxm_29",2,69,111,0.620144941265631,146,35,0,0.0502283105022832,FALSE,0
"203","replication","mwpj5cxm","mwpj5cxm_29",3,101,146,0.695168599773863,197,51,0,0.0456852791878172,FALSE,0
"204","replication","mwpj5cxm","mwpj5cxm_29",4,104,197,0.530755928853755,249,52,0,0.0575635876840697,FALSE,0
"205","replication","mwpj5cxm","mwpj5cxm_29",5,146,249,0.588944422877847,323,74,0,0.0608875128998969,FALSE,0
"206","replication","mwpj5cxm","mwpj5cxm_29",6,154,323,0.474172160337301,401,78,0,0.0357439733998337,FALSE,0
"207","replication","mwpj5cxm","mwpj5cxm_29",7,181,401,0.449239349746659,492,91,0,0.0135501355013551,FALSE,0
"208","replication","mwpj5cxm","mwpj5cxm_29",8,169,492,0.343843278100946,579,87,0,0.047783534830167,FALSE,0
"209","replication","mwpj5cxm","mwpj5cxm_29",9,192,579,0.33179770560358,675,96,0,0.0291358024691357,FALSE,0
"210","replication","mwpj5cxm","mwpj5cxm_29",10,176,675,0.260517872934929,763,88,0,0.0266491917868065,FALSE,0
"211","replication","mwpj5cxm","mwpj5cxm_3",1,54,80,0.675,110,30,0,0.0787878787878788,TRUE,0
"212","replication","mwpj5cxm","mwpj5cxm_3",2,75,110,0.686827956989247,151,41,0,0.0551876379690948,TRUE,0
"213","replication","mwpj5cxm","mwpj5cxm_3",3,99,151,0.657807575377235,204,53,0,0.0359477124183005,TRUE,0
"214","replication","mwpj5cxm","mwpj5cxm_3",4,112,204,0.543951536568436,260,56,0,0.0589743589743591,TRUE,0
"215","replication","mwpj5cxm","mwpj5cxm_3",5,131,260,0.500069446529926,329,69,0,0.0496453900709219,TRUE,0
"216","replication","mwpj5cxm","mwpj5cxm_3",6,154,329,0.465506604133723,407,78,0,0.0303030303030303,TRUE,0
"217","replication","mwpj5cxm","mwpj5cxm_3",7,155,407,0.383175077935298,488,81,0,0.0519125683060109,TRUE,0
"218","replication","mwpj5cxm","mwpj5cxm_3",8,186,488,0.376057854278527,582,94,0,0.0137457044673539,TRUE,0
"219","replication","mwpj5cxm","mwpj5cxm_3",9,191,582,0.327606443257245,679,97,0,0.0299459990181639,TRUE,0
"220","replication","mwpj5cxm","mwpj5cxm_3",10,214,679,0.317271095159545,789,110,0,0.053654414871145,TRUE,0
"221","replication","mwpj5cxm","mwpj5cxm_30",1,55,80,0.6875,109,29,0,0.0581039755351682,FALSE,0
"222","replication","mwpj5cxm","mwpj5cxm_30",2,70,109,0.647924823086113,147,38,0,0.0702947845804989,FALSE,0
"223","replication","mwpj5cxm","mwpj5cxm_30",3,88,147,0.589962887989204,191,44,0,0.0401396160558466,FALSE,0
"224","replication","mwpj5cxm","mwpj5cxm_30",4,112,191,0.589869281045752,247,56,0,0.0607287449392713,FALSE,0
"225","replication","mwpj5cxm","mwpj5cxm_30",5,136,247,0.544880785413745,315,68,0,0.051851851851852,FALSE,0
"226","replication","mwpj5cxm","mwpj5cxm_30",6,146,315,0.462360556110556,389,74,0,0.0642673521850901,FALSE,0
"227","replication","mwpj5cxm","mwpj5cxm_30",7,144,389,0.371566453689106,461,72,0,0.0484454085321765,FALSE,0
"228","replication","mwpj5cxm","mwpj5cxm_30",8,162,461,0.352697833671491,543,82,0,0.0460405156537753,FALSE,0
"229","replication","mwpj5cxm","mwpj5cxm_30",9,224,543,0.411863620482143,655,112,0,0.0259541984732824,FALSE,0
"230","replication","mwpj5cxm","mwpj5cxm_30",10,224,655,0.342431200292835,767,112,0,0.0308561495002172,FALSE,0
"231","replication","mwpj5cxm","mwpj5cxm_31",1,56,80,0.7,108,28,0,0.0740740740740741,FALSE,0
"232","replication","mwpj5cxm","mwpj5cxm_31",2,68,108,0.618389423076923,144,36,0,0.0416666666666667,FALSE,0
"233","replication","mwpj5cxm","mwpj5cxm_31",3,88,144,0.615407837776259,188,44,0,0.0567375886524824,FALSE,0
"234","replication","mwpj5cxm","mwpj5cxm_31",4,103,188,0.546370780382408,241,53,0,0.0428769017980638,FALSE,0
"235","replication","mwpj5cxm","mwpj5cxm_31",5,120,241,0.502584971111712,301,60,0,0.105204872646733,FALSE,0
"236","replication","mwpj5cxm","mwpj5cxm_31",6,137,301,0.463191718183596,372,71,0,0.0878136200716847,FALSE,0
"237","replication","mwpj5cxm","mwpj5cxm_31",7,159,372,0.433901515151515,453,81,0,0.0831493745401029,FALSE,0
"238","replication","mwpj5cxm","mwpj5cxm_31",8,171,453,0.370030075010416,542,89,0,0.0393603936039361,FALSE,0
"239","replication","mwpj5cxm","mwpj5cxm_31",9,182,542,0.336100255889198,636,94,0,0.0262054507337526,FALSE,0
"240","replication","mwpj5cxm","mwpj5cxm_31",10,199,636,0.313350501490919,737,101,0,0.0330167345092717,FALSE,0
"241","replication","mwpj5cxm","mwpj5cxm_4",1,53,80,0.6625,107,27,0,0.0841121495327102,FALSE,1
"242","replication","mwpj5cxm","mwpj5cxm_4",2,54,107,0.499726507713885,137,30,0,0.0170316301703162,FALSE,1
"243","replication","mwpj5cxm","mwpj5cxm_4",3,76,137,0.555271199388846,177,40,0,0.0621468926553674,FALSE,1
"244","replication","mwpj5cxm","mwpj5cxm_4",4,93,177,0.531571996869701,224,47,0,0.0625,FALSE,1
"245","replication","mwpj5cxm","mwpj5cxm_4",5,133,224,0.591549354784649,291,67,0,0.0561282932416954,FALSE,1
"246","replication","mwpj5cxm","mwpj5cxm_4",6,148,291,0.502919648695033,367,76,0,0.0499545867393278,FALSE,1
"247","replication","mwpj5cxm","mwpj5cxm_4",7,155,367,0.420808583787684,448,81,0,0.0610119047619048,FALSE,1
"248","replication","mwpj5cxm","mwpj5cxm_4",8,192,448,0.431493564507502,544,96,0,0.0526960784313726,FALSE,1
"249","replication","mwpj5cxm","mwpj5cxm_4",9,178,544,0.331871176597408,634,90,0,0.0788643533123029,FALSE,1
"250","replication","mwpj5cxm","mwpj5cxm_4",10,208,634,0.324362709792244,738,104,0,0.024390243902439,FALSE,1
"251","replication","mwpj5cxm","mwpj5cxm_5",1,59,80,0.7375,113,33,0,0.0796460176991151,TRUE,0
"252","replication","mwpj5cxm","mwpj5cxm_5",2,79,113,0.691546840958606,154,41,0,0.038961038961039,TRUE,0
"253","replication","mwpj5cxm","mwpj5cxm_5",3,89,154,0.574718045112782,201,47,0,0.0646766169154228,TRUE,0
"254","replication","mwpj5cxm","mwpj5cxm_5",4,125,201,0.610243727312617,264,63,0,0.0530303030303031,TRUE,0
"255","replication","mwpj5cxm","mwpj5cxm_5",5,152,264,0.577296469280311,340,76,0,0.0431372549019609,TRUE,0
"256","replication","mwpj5cxm","mwpj5cxm_5",6,154,340,0.455941213258286,418,78,0,0.0494417862838915,TRUE,0
"257","replication","mwpj5cxm","mwpj5cxm_5",7,175,418,0.420546343537415,507,89,0,0.0637738330046022,TRUE,0
"258","replication","mwpj5cxm","mwpj5cxm_5",8,197,507,0.386154383201627,606,99,0,0.0517051705170518,TRUE,0
"259","replication","mwpj5cxm","mwpj5cxm_5",9,169,606,0.279078629418606,693,87,0,0.0437710437710438,TRUE,0
"260","replication","mwpj5cxm","mwpj5cxm_5",10,196,693,0.283739323672348,793,100,0,0.0550651534258092,TRUE,0
"261","replication","mwpj5cxm","mwpj5cxm_6",1,59,80,0.7375,113,33,0,0.0737463126843657,TRUE,1
"262","replication","mwpj5cxm","mwpj5cxm_6",2,66,113,0.593221153846154,147,34,0,0.0793650793650794,TRUE,1
"263","replication","mwpj5cxm","mwpj5cxm_6",3,82,147,0.556211277722906,189,42,0,0.0440917107583774,TRUE,1
"264","replication","mwpj5cxm","mwpj5cxm_6",4,111,189,0.581450377652298,246,57,0,0.0487804878048781,TRUE,1
"265","replication","mwpj5cxm","mwpj5cxm_6",5,123,246,0.499907260818278,311,65,0,0.0782422293676313,TRUE,1
"266","replication","mwpj5cxm","mwpj5cxm_6",6,149,311,0.475274802889414,386,75,0,0.0449050086355784,TRUE,1
"267","replication","mwpj5cxm","mwpj5cxm_6",7,182,386,0.474733812666981,480,94,0,0.0611111111111112,TRUE,1
"268","replication","mwpj5cxm","mwpj5cxm_6",8,199,480,0.412148281443725,581,101,0,0.0349971313826736,TRUE,1
"269","replication","mwpj5cxm","mwpj5cxm_6",9,194,581,0.337153025789992,679,98,0,0.069219440353461,TRUE,1
"270","replication","mwpj5cxm","mwpj5cxm_6",10,209,679,0.309021902229676,786,107,0,0.0695504664970314,TRUE,1
"271","replication","mwpj5cxm","mwpj5cxm_7",1,46,80,0.575,106,26,0,0.0314465408805032,TRUE,0
"272","replication","mwpj5cxm","mwpj5cxm_7",2,60,106,0.56979242979243,138,32,0,0.0966183574879228,TRUE,0
"273","replication","mwpj5cxm","mwpj5cxm_7",3,91,138,0.658728268635389,187,49,0,0.0588235294117648,TRUE,0
"274","replication","mwpj5cxm","mwpj5cxm_7",4,99,187,0.521086535205386,240,53,0,0.0444444444444446,TRUE,0
"275","replication","mwpj5cxm","mwpj5cxm_7",5,131,240,0.546116998451464,309,69,0,0.0701186623516721,TRUE,0
"276","replication","mwpj5cxm","mwpj5cxm_7",6,155,309,0.493381958968987,390,81,0,0.029059829059829,TRUE,0
"277","replication","mwpj5cxm","mwpj5cxm_7",7,182,390,0.468147398819668,484,94,0,0.0358126721763086,TRUE,0
"278","replication","mwpj5cxm","mwpj5cxm_7",8,204,484,0.419874772049278,588,104,0,0.0306122448979593,TRUE,0
"279","replication","mwpj5cxm","mwpj5cxm_7",9,212,588,0.361510778746687,696,108,0,0.0363984674329503,TRUE,0
"280","replication","mwpj5cxm","mwpj5cxm_7",10,220,696,0.316778333955074,808,112,0,0.0404290429042904,TRUE,0
"281","replication","mwpj5cxm","mwpj5cxm_8",1,54,80,0.675,110,30,0,0.0666666666666667,FALSE,0
"282","replication","mwpj5cxm","mwpj5cxm_8",2,67,110,0.605287571225071,147,37,0,0.0340136054421768,FALSE,0
"283","replication","mwpj5cxm","mwpj5cxm_8",3,105,147,0.70825689943337,202,55,0,0.0561056105610562,FALSE,0
"284","replication","mwpj5cxm","mwpj5cxm_8",4,106,202,0.521983678834703,256,54,0,0.0208333333333333,FALSE,0
"285","replication","mwpj5cxm","mwpj5cxm_8",5,119,256,0.464215262015575,317,61,0,0.0494216614090431,FALSE,0
"286","replication","mwpj5cxm","mwpj5cxm_8",6,128,317,0.407851244375885,381,64,0,0.0568678915135609,FALSE,0
"287","replication","mwpj5cxm","mwpj5cxm_8",7,151,381,0.394866527941173,458,77,0,0.0320232896652109,FALSE,0
"288","replication","mwpj5cxm","mwpj5cxm_8",8,183,458,0.399331039755352,551,93,0,0.0369026013309135,FALSE,0
"289","replication","mwpj5cxm","mwpj5cxm_8",9,167,551,0.300957787780091,636,85,0,0.011530398322851,FALSE,0
"290","replication","mwpj5cxm","mwpj5cxm_8",10,193,636,0.303123673290353,735,99,0,0.0258503401360543,FALSE,0
"291","replication","mwpj5cxm","mwpj5cxm_9",1,58,80,0.725,110,30,0,0.0787878787878788,TRUE,0
"292","replication","mwpj5cxm","mwpj5cxm_9",2,85,110,0.777325268817204,153,43,0,0.0675381263616558,TRUE,0
"293","replication","mwpj5cxm","mwpj5cxm_9",3,90,153,0.587526812526812,199,46,0,0.0217755443886096,TRUE,0
"294","replication","mwpj5cxm","mwpj5cxm_9",4,125,199,0.630756802721088,262,63,0,0.0585241730279898,TRUE,0
"295","replication","mwpj5cxm","mwpj5cxm_9",5,118,262,0.446369653857501,324,62,0,0.0308641975308642,TRUE,0
"296","replication","mwpj5cxm","mwpj5cxm_9",6,179,324,0.554633826041704,417,93,0,0.0391686650679457,TRUE,0
"297","replication","mwpj5cxm","mwpj5cxm_9",7,204,417,0.493507234355149,521,104,0,0.0556621880998082,TRUE,0
"298","replication","mwpj5cxm","mwpj5cxm_9",8,194,521,0.37261305528923,619,98,0,0.0522347872913302,TRUE,0
"299","replication","mwpj5cxm","mwpj5cxm_9",9,204,619,0.32743308460997,723,104,0,0.0410327339787919,TRUE,0
"300","replication","mwpj5cxm","mwpj5cxm_9",10,218,723,0.302606947938273,833,110,0,0.0348139255702282,TRUE,0
